<?xml version="1.0" encoding="UTF-8"?>
<ksdk:examples xmlns:ksdk="http://nxp.com/ksdk/2.0/ksdk_manifest_v3.0.xsd" xmlns:xsi="http://www.w3.org/2001/XMLSchema-instance" xsi:schemaLocation="http://nxp.com/ksdk/2.0/ksdk_manifest_v3.0.xsd manifest.xsd">
  <externalDefinitions>
    <definition extID="com.nxp.mcuxpresso"/>
    <definition extID="platform.devices.MK64F12_CMSIS.MK64F12"/>
    <definition extID="platform.devices.MK64F12_startup.MK64F12"/>
    <definition extID="platform.drivers.clock.MK64F12"/>
    <definition extID="platform.drivers.common.MK64F12"/>
    <definition extID="platform.drivers.dspi.MK64F12"/>
    <definition extID="platform.drivers.flash.MK64F12"/>
    <definition extID="platform.drivers.gpio.MK64F12"/>
    <definition extID="platform.drivers.i2c.MK64F12"/>
    <definition extID="platform.drivers.lptmr.MK64F12"/>
    <definition extID="platform.drivers.port.MK64F12"/>
    <definition extID="platform.drivers.rtc.MK64F12"/>
    <definition extID="platform.drivers.smc.MK64F12"/>
    <definition extID="platform.drivers.uart.MK64F12"/>
    <definition extID="platform.utilities.assert.MK64F12"/>
    <definition extID="platform.utilities.debug_console.MK64F12"/>
    <definition extID="iar"/>
    <definition extID="mdk"/>
    <definition extID="atl"/>
    <definition extID="mcuxpresso"/>
    <definition extID="armgcc"/>
  </externalDefinitions>
  <example id="hexiwear_hexiwear_humidity" name="hexiwear_humidity" category="demo_apps" dependency="platform.drivers.clock.MK64F12 platform.drivers.flash.MK64F12 platform.drivers.common.MK64F12 platform.devices.MK64F12_CMSIS.MK64F12 platform.devices.MK64F12_startup.MK64F12 platform.drivers.uart.MK64F12 platform.drivers.port.MK64F12 platform.drivers.smc.MK64F12 platform.utilities.debug_console.MK64F12 platform.drivers.gpio.MK64F12 platform.utilities.assert.MK64F12 platform.drivers.i2c.MK64F12 platform.drivers.rtc.MK64F12 platform.drivers.dspi.MK64F12 platform.drivers.lptmr.MK64F12" toolchain="mdk iar armgcc mcuxpresso">
    <projects>
      <project type="com.crt.advproject.projecttype.exe" nature="org.eclipse.cdt.core.cnature"/>
    </projects>
    <toolchainSettings>
      <toolchainSetting id_refs="com.nxp.mcuxpresso">
        <option id="com.crt.advproject.gas.fpu" type="enum">
          <value>com.crt.advproject.gas.fpu.fpv4.hard</value>
        </option>
        <option id="com.crt.advproject.gcc.fpu" type="enum">
          <value>com.crt.advproject.gcc.fpu.fpv4.hard</value>
        </option>
        <option id="com.crt.advproject.c.misc.dialect" type="enum">
          <value>com.crt.advproject.misc.dialect.gnu99</value>
        </option>
        <option id="com.crt.advproject.gcc.exe.debug.option.debugging.level" type="enum">
          <value>gnu.c.debugging.level.default</value>
        </option>
        <option id="com.crt.advproject.gcc.exe.release.option.debugging.level" type="enum">
          <value>gnu.c.debugging.level.default</value>
        </option>
        <option id="gnu.c.compiler.option.preprocessor.def.symbols" type="stringList">
          <value>CPU_MK64FN1M0VDC12</value>
          <value>PRINTF_FLOAT_ENABLE=1</value>
          <value>PRINTF_ADVANCED_ENABLE=1</value>
          <value>SDK_I2C_BASED_COMPONENT_USED=1</value>
        </option>
        <option id="gnu.c.compiler.option.optimization.flags" type="string">
          <value>-fno-common</value>
        </option>
        <option id="gnu.c.compiler.option.misc.other" type="string">
          <value>-c  -ffunction-sections  -fdata-sections  -ffreestanding  -fno-builtin</value>
        </option>
        <option id="com.crt.advproject.link.fpu" type="enum">
          <value>com.crt.advproject.link.fpu.fpv4.hard</value>
        </option>
        <option id="gnu.c.link.option.nostdlibs" type="boolean">
          <value>true</value>
        </option>
        <option id="com.crt.advproject.link.memory.heapAndStack" type="string">
          <value>&amp;Heap:Default;Default;0x6000&amp;Stack:Default;Default;Default</value>
        </option>
      </toolchainSetting>
    </toolchainSettings>
    <source path="boards/hexiwear/demo_apps/humidity/gui/driver" target_path="gui" type="c_include">
      <files mask="gui_resources.h"/>
    </source>
    <source path="boards/hexiwear/demo_apps/humidity/gui/driver" target_path="gui" type="src">
      <files mask="gui_resources.c"/>
    </source>
    <source path="boards/hexiwear/demo_apps/humidity/gui/screens" target_path="gui" type="c_include">
      <files mask="screens_resources.h"/>
    </source>
    <source path="boards/hexiwear/demo_apps/humidity/gui/screens" target_path="gui" type="src">
      <files mask="screens_resources.c"/>
    </source>
    <source path="boards/hexiwear/demo_apps/humidity" target_path="board/src" type="c_include">
      <files mask="board.h"/>
      <files mask="clock_config.h"/>
    </source>
    <source path="boards/hexiwear/demo_apps/humidity" target_path="board/src" type="src">
      <files mask="board.c"/>
      <files mask="clock_config.c"/>
    </source>
    <source path="boards/hexiwear/demo_apps/humidity" target_path="board" type="c_include">
      <files mask="pin_mux.h"/>
    </source>
    <source path="boards/hexiwear/demo_apps/humidity" target_path="board" type="src">
      <files mask="pin_mux.c"/>
    </source>
    <source path="boards/hexiwear/demo_apps/humidity" target_path="doc" type="doc" toolchain="iar mdk atl mcuxpresso">
      <files mask="readme.txt"/>
    </source>
    <source path="boards/hexiwear/demo_apps/humidity" target_path="htu" type="c_include">
      <files mask="fsl_htu21d.h"/>
    </source>
    <source path="boards/hexiwear/demo_apps/humidity" target_path="htu" type="src">
      <files mask="fsl_htu21d.c"/>
    </source>
    <source path="boards/hexiwear/demo_apps/humidity" target_path="oled" type="c_include">
      <files mask="fsl_psp27801.h"/>
    </source>
    <source path="boards/hexiwear/demo_apps/humidity" target_path="oled" type="src">
      <files mask="fsl_psp27801.c"/>
    </source>
    <source path="boards/hexiwear/demo_apps/humidity" target_path="source" type="src">
      <files mask="humidity.c"/>
    </source>
    <source path="boards/hexiwear/demo_apps/humidity" target_path="timer_lptmr" type="c_include">
      <files mask="fsl_timer.h"/>
    </source>
    <source path="boards/hexiwear/demo_apps/humidity" target_path="timer_lptmr" type="src">
      <files mask="fsl_timer.c"/>
    </source>
  </example>
</ksdk:examples>
