<?xml version="1.0" encoding="UTF-8"?>
<ksdk:examples xmlns:ksdk="http://nxp.com/ksdk/2.0/ksdk_manifest_v3.0.xsd" xmlns:xsi="http://www.w3.org/2001/XMLSchema-instance" xsi:schemaLocation="http://nxp.com/ksdk/2.0/ksdk_manifest_v3.0.xsd manifest.xsd">
  <externalDefinitions>
    <definition extID="com.nxp.mcuxpresso"/>
    <definition extID="kits.FRDM-K64F-AGM01.MK64F12"/>
    <definition extID="middleware.issdk.drivers.gpio_kinetis.MK64F12"/>
    <definition extID="middleware.issdk.drivers.systick_utils.MK64F12"/>
    <definition extID="middleware.issdk.sensor.fxos8700.MK64F12"/>
    <definition extID="middleware.issdk.sensor.interface.common.MK64F12"/>
    <definition extID="platform.CMSIS_Driver_Include.Common.MK64F12"/>
    <definition extID="platform.CMSIS_Driver_Include.I2C.MK64F12"/>
    <definition extID="platform.CMSIS_Driver_Include.SPI.MK64F12"/>
    <definition extID="platform.CMSIS_Driver_Include.USART.MK64F12"/>
    <definition extID="platform.devices.MK64F12_CMSIS.MK64F12"/>
    <definition extID="platform.devices.MK64F12_startup.MK64F12"/>
    <definition extID="platform.drivers.clock.MK64F12"/>
    <definition extID="platform.drivers.common.MK64F12"/>
    <definition extID="platform.drivers.dmamux.MK64F12"/>
    <definition extID="platform.drivers.dspi.MK64F12"/>
    <definition extID="platform.drivers.dspi_cmsis.MK64F12"/>
    <definition extID="platform.drivers.dspi_edma.MK64F12"/>
    <definition extID="platform.drivers.edma.MK64F12"/>
    <definition extID="platform.drivers.flash.MK64F12"/>
    <definition extID="platform.drivers.gpio.MK64F12"/>
    <definition extID="platform.drivers.i2c.MK64F12"/>
    <definition extID="platform.drivers.i2c_cmsis.MK64F12"/>
    <definition extID="platform.drivers.i2c_edma.MK64F12"/>
    <definition extID="platform.drivers.pit.MK64F12"/>
    <definition extID="platform.drivers.port.MK64F12"/>
    <definition extID="platform.drivers.smc.MK64F12"/>
    <definition extID="platform.drivers.uart.MK64F12"/>
    <definition extID="platform.drivers.uart_cmsis.MK64F12"/>
    <definition extID="platform.drivers.uart_edma.MK64F12"/>
    <definition extID="platform.utilities.debug_console.MK64F12"/>
    <definition extID="iar"/>
    <definition extID="mdk"/>
    <definition extID="kds"/>
    <definition extID="mcuxpresso"/>
    <definition extID="armgcc"/>
    <definition extID="drt"/>
  </externalDefinitions>
  <example id="frdmk64f_agm01_k64f_agm01_fxos8700_poll" name="k64f_agm01_fxos8700_poll" category="issdk_examples/sensors/k64f_agm01_fxos8700_poll" dependency="kits.FRDM-K64F-AGM01.MK64F12 platform.drivers.flash.MK64F12 platform.drivers.gpio.MK64F12 platform.drivers.common.MK64F12 platform.drivers.clock.MK64F12 platform.utilities.debug_console.MK64F12 platform.drivers.port.MK64F12 platform.drivers.uart.MK64F12 platform.drivers.smc.MK64F12 platform.devices.MK64F12_CMSIS.MK64F12 platform.devices.MK64F12_startup.MK64F12 platform.drivers.i2c.MK64F12 platform.drivers.i2c_edma.MK64F12 platform.drivers.edma.MK64F12 platform.drivers.dmamux.MK64F12 platform.drivers.i2c_cmsis.MK64F12 platform.CMSIS_Driver_Include.I2C.MK64F12 platform.CMSIS_Driver_Include.Common.MK64F12 platform.drivers.dspi.MK64F12 platform.drivers.dspi_edma.MK64F12 platform.drivers.dspi_cmsis.MK64F12 platform.CMSIS_Driver_Include.SPI.MK64F12 platform.drivers.pit.MK64F12 platform.drivers.uart_edma.MK64F12 platform.drivers.uart_cmsis.MK64F12 platform.CMSIS_Driver_Include.USART.MK64F12 middleware.issdk.drivers.systick_utils.MK64F12 middleware.issdk.drivers.gpio_kinetis.MK64F12 middleware.issdk.sensor.interface.common.MK64F12 middleware.issdk.sensor.fxos8700.MK64F12" toolchain="iar mdk armgcc kds mcuxpresso drt">
    <projects>
      <project type="com.crt.advproject.projecttype.exe" nature="org.eclipse.cdt.core.cnature"/>
    </projects>
    <toolchainSettings>
      <!-- Curently, mcux just supports one common settings set for both debug and release -->
      <toolchainSetting id_refs="com.nxp.mcuxpresso">
        <!-- asm compiler -->
        <!-- gcc compiler -->
        <option id="com.crt.advproject.c.misc.dialect" type="enum">
          <value>com.crt.advproject.misc.dialect.gnu99</value>
        </option>
        <option id="com.crt.advproject.gcc.exe.debug.option.debugging.level" type="enum">
          <value>gnu.c.debugging.level.default</value>
        </option>
        <option id="com.crt.advproject.gcc.exe.release.option.debugging.level" type="enum">
          <value>gnu.c.debugging.level.default</value>
        </option>
        <option id="gnu.c.compiler.option.preprocessor.def.symbols" type="stringList">
          <value>CPU_MK64FN1M0VLL12</value>
          <value>FRDM_K64F</value>
          <value>FREEDOM</value>
          <value>PRINTF_ADVANCED_ENABLE</value>
        </option>
        <option id="gnu.c.compiler.option.optimization.flags" type="string">
          <value>-fno-common</value>
        </option>
        <option id="gnu.c.compiler.option.misc.other" type="string">
          <value>-c  -ffunction-sections  -fdata-sections  -ffreestanding  -fno-builtin</value>
        </option>
        <!-- gcc linker -->
        <option id="gnu.c.link.option.nostdlibs" type="boolean">
          <value>true</value>
        </option>
        <option id="gnu.c.link.option.other" type="stringList">
          <value>--gc-sections</value>
        </option>
      </toolchainSetting>
    </toolchainSettings>
    <source path="boards/frdmk64f_agm01/issdk_examples/sensors/fxos8700/fxos8700_poll" target_path="board" type="c_include">
      <files mask="board.h"/>
      <files mask="clock_config.h"/>
      <files mask="pin_mux.h"/>
    </source>
    <source path="boards/frdmk64f_agm01/issdk_examples/sensors/fxos8700/fxos8700_poll" target_path="board" type="src">
      <files mask="board.c"/>
      <files mask="clock_config.c"/>
      <files mask="pin_mux.c"/>
    </source>
    <source path="boards/frdmk64f_agm01/issdk_examples/sensors/fxos8700/fxos8700_poll" target_path="doc" type="doc" toolchain="iar mdk kds mcuxpresso">
      <files mask="readme.txt"/>
    </source>
    <source path="boards/frdmk64f_agm01/issdk_examples/sensors/fxos8700/fxos8700_poll" target_path="source" type="src">
      <files mask="fxos8700_poll.c"/>
    </source>
    <source path="boards/frdmk64f_agm01" target_path="board" type="c_include">
      <files mask="RTE_Device.h"/>
      <files mask="frdm_k64f.h"/>
      <files mask="frdm_stbc_agm01_shield.h"/>
      <files mask="issdk_hal.h"/>
    </source>
    <source path="boards/frdmk64f_agm01" target_path="board" type="src">
      <files mask="frdm_k64f.c"/>
    </source>
  </example>
</ksdk:examples>
