<?xml version="1.0" encoding="UTF-8"?>
<example name="freertos_agm01" category="issdk_examples/algorithms/sensorfusion" board_ref="FRDM_K64F" version="1.0.0" format_version="2.1">
  <source path="CMSIS/Driver/Include" target_path="CMSIS/Driver/Include" type="c_include">
    <files mask="Driver_Common.h"/>
    <files mask="Driver_I2C.h"/>
    <files mask="Driver_SPI.h"/>
    <files mask="Driver_USART.h"/>
  </source>
  <source path="boards/frdmk64f_agm01/issdk_examples/algorithms/sensorfusion/freertos_agm01" target_path="sources" type="c_include">
    <files mask="FreeRTOSConfig.h"/>
    <files mask="board.h"/>
    <files mask="build.h"/>
    <files mask="clock_config.h"/>
    <files mask="pin_mux.h"/>
  </source>
  <source path="boards/frdmk64f_agm01/issdk_examples/algorithms/sensorfusion/freertos_agm01" target_path="doc" type="doc">
    <files mask="readme.txt"/>
  </source>
  <source path="boards/frdmk64f_agm01/issdk_examples/algorithms/sensorfusion/freertos_agm01" target_path="sources" type="src">
    <files mask="board.c"/>
    <files mask="clock_config.c"/>
    <files mask="main_agm01_freertos_two_tasks.c"/>
    <files mask="pin_mux.c"/>
  </source>
  <source path="boards/frdmk64f_agm01" target_path="sources" type="c_include">
    <files mask="RTE_Device.h"/>
    <files mask="frdm_k64f.h"/>
    <files mask="frdm_stbc_agm01_shield.h"/>
    <files mask="issdk_hal.h"/>
  </source>
  <source path="boards/frdmk64f_agm01" target_path="sources" type="src">
    <files mask="frdm_k64f.c"/>
  </source>
  <source path="devices/MK64F12/arm" target_path="devices/arm" type="src" compilers="arm">
    <files mask="startup_MK64F12.s"/>
  </source>
  <source path="devices/MK64F12/cmsis_drivers" target_path="drivers" type="c_include">
    <files mask="fsl_dspi_cmsis.h"/>
    <files mask="fsl_i2c_cmsis.h"/>
    <files mask="fsl_uart_cmsis.h"/>
  </source>
  <source path="devices/MK64F12/cmsis_drivers" target_path="drivers" type="src">
    <files mask="fsl_dspi_cmsis.c"/>
    <files mask="fsl_i2c_cmsis.c"/>
    <files mask="fsl_uart_cmsis.c"/>
  </source>
  <source path="devices/MK64F12/drivers" target_path="drivers" type="c_include">
    <files mask="fsl_clock.h"/>
    <files mask="fsl_common.h"/>
    <files mask="fsl_dmamux.h"/>
    <files mask="fsl_dspi.h"/>
    <files mask="fsl_dspi_edma.h"/>
    <files mask="fsl_edma.h"/>
    <files mask="fsl_flash.h"/>
    <files mask="fsl_gpio.h"/>
    <files mask="fsl_i2c.h"/>
    <files mask="fsl_i2c_edma.h"/>
    <files mask="fsl_i2c_freertos.h"/>
    <files mask="fsl_pit.h"/>
    <files mask="fsl_port.h"/>
    <files mask="fsl_smc.h"/>
    <files mask="fsl_uart.h"/>
    <files mask="fsl_uart_edma.h"/>
  </source>
  <source path="devices/MK64F12/drivers" target_path="drivers" type="src">
    <files mask="fsl_clock.c"/>
    <files mask="fsl_common.c"/>
    <files mask="fsl_dmamux.c"/>
    <files mask="fsl_dspi.c"/>
    <files mask="fsl_dspi_edma.c"/>
    <files mask="fsl_edma.c"/>
    <files mask="fsl_flash.c"/>
    <files mask="fsl_gpio.c"/>
    <files mask="fsl_i2c.c"/>
    <files mask="fsl_i2c_edma.c"/>
    <files mask="fsl_i2c_freertos.c"/>
    <files mask="fsl_pit.c"/>
    <files mask="fsl_smc.c"/>
    <files mask="fsl_uart.c"/>
    <files mask="fsl_uart_edma.c"/>
  </source>
  <source path="devices/MK64F12/gcc" target_path="devices/gcc" type="src" compilers="gcc">
    <files mask="startup_MK64F12.S"/>
  </source>
  <source path="devices/MK64F12/iar" target_path="devices/iar" type="src" compilers="iar">
    <files mask="startup_MK64F12.s"/>
  </source>
  <source path="devices/MK64F12/utilities/io" target_path="utilities" type="c_include">
    <files mask="fsl_io.h"/>
  </source>
  <source path="devices/MK64F12/utilities/io" target_path="utilities" type="src">
    <files mask="fsl_io.c"/>
  </source>
  <source path="devices/MK64F12/utilities/log" target_path="utilities" type="c_include">
    <files mask="fsl_log.h"/>
  </source>
  <source path="devices/MK64F12/utilities/log" target_path="utilities" type="src">
    <files mask="fsl_log.c"/>
  </source>
  <source path="devices/MK64F12/utilities/str" target_path="utilities" type="c_include">
    <files mask="fsl_str.h"/>
  </source>
  <source path="devices/MK64F12/utilities/str" target_path="utilities" type="src">
    <files mask="fsl_str.c"/>
  </source>
  <source path="devices/MK64F12/utilities" target_path="utilities" type="c_include">
    <files mask="fsl_debug_console.h"/>
    <files mask="fsl_debug_console_conf.h"/>
  </source>
  <source path="devices/MK64F12/utilities" target_path="utilities" type="src">
    <files mask="fsl_debug_console.c"/>
  </source>
  <source path="devices/MK64F12" target_path="devices" type="c_include">
    <files mask="MK64F12.h"/>
    <files mask="MK64F12_features.h"/>
    <files mask="fsl_device_registers.h"/>
    <files mask="system_MK64F12.h"/>
  </source>
  <source path="devices/MK64F12" target_path="devices" type="src">
    <files mask="system_MK64F12.c"/>
  </source>
  <source path="middleware/issdk/algorithms/sensorfusion/sources" target_path="issdk/algorithms/sensorfusion/sources" type="c_include">
    <files mask="approximations.h"/>
    <files mask="calibration_storage.h"/>
    <files mask="control.h"/>
    <files mask="debug.h"/>
    <files mask="driver_KSDK_NVM.h"/>
    <files mask="driver_pit.h"/>
    <files mask="drivers.h"/>
    <files mask="fusion.h"/>
    <files mask="magnetic.h"/>
    <files mask="matrix.h"/>
    <files mask="orientation.h"/>
    <files mask="precisionAccelerometer.h"/>
    <files mask="sensor_fusion.h"/>
    <files mask="status.h"/>
  </source>
  <source path="middleware/issdk/algorithms/sensorfusion/sources" target_path="issdk/algorithms/sensorfusion/sources" type="src">
    <files mask="DecodeCommandBytes.c"/>
    <files mask="approximations.c"/>
    <files mask="calibration_storage.c"/>
    <files mask="control.c"/>
    <files mask="debug.c"/>
    <files mask="driver_FXAS21002.c"/>
    <files mask="driver_FXOS8700.c"/>
    <files mask="driver_KSDK_NVM.c"/>
    <files mask="driver_MPL3115.c"/>
    <files mask="driver_pit.c"/>
    <files mask="driver_systick.c"/>
    <files mask="fusion.c"/>
    <files mask="hal_frdm_fxs_mult2_b.c"/>
    <files mask="magnetic.c"/>
    <files mask="matrix.c"/>
    <files mask="orientation.c"/>
    <files mask="output_stream.c"/>
    <files mask="precisionAccelerometer.c"/>
    <files mask="sensor_fusion.c"/>
    <files mask="status.c"/>
  </source>
  <source path="middleware/issdk/drivers/gpio/kinetis" target_path="issdk/drivers/gpio/kinetis" type="c_include">
    <files mask="gpio_driver.h"/>
  </source>
  <source path="middleware/issdk/drivers/gpio/kinetis" target_path="issdk/drivers/gpio/kinetis" type="src">
    <files mask="gpio_driver.c"/>
    <files mask="gpio_driver_irq.c"/>
  </source>
  <source path="middleware/issdk/drivers/gpio" target_path="issdk/drivers/gpio" type="c_include">
    <files mask="Driver_GPIO.h"/>
  </source>
  <source path="middleware/issdk/drivers/systick" target_path="issdk/drivers/systick" type="c_include">
    <files mask="systick_utils.h"/>
  </source>
  <source path="middleware/issdk/drivers/systick" target_path="issdk/drivers/systick" type="src">
    <files mask="systick_utils.c"/>
  </source>
  <source path="middleware/issdk/sensors" target_path="issdk/sensors" type="c_include">
    <files mask="fxas21002.h"/>
    <files mask="fxas21002_drv.h"/>
    <files mask="fxos8700.h"/>
    <files mask="fxos8700_drv.h"/>
    <files mask="mpl3115.h"/>
    <files mask="mpl3115_drv.h"/>
    <files mask="register_io_i2c.h"/>
    <files mask="register_io_spi.h"/>
    <files mask="sensor_drv.h"/>
    <files mask="sensor_io_i2c.h"/>
    <files mask="sensor_io_spi.h"/>
  </source>
  <source path="middleware/issdk/sensors" target_path="issdk/sensors" type="src">
    <files mask="fxas21002_drv.c"/>
    <files mask="fxos8700_drv.c"/>
    <files mask="mpl3115_drv.c"/>
    <files mask="register_io_i2c.c"/>
    <files mask="register_io_spi.c"/>
    <files mask="sensor_io_i2c.c"/>
    <files mask="sensor_io_spi.c"/>
  </source>
  <source path="middleware/issdk" target_path="issdk/" type="">
    <files mask="issdk_algorithms.meta"/>
    <files mask="issdk_gpio_driver.meta"/>
    <files mask="issdk_interfaces.meta"/>
    <files mask="issdk_sensors.meta"/>
    <files mask="issdk_utils.meta"/>
  </source>
  <source path="rtos/freertos/License" target_path="doc" type="doc">
    <files mask="license.txt"/>
  </source>
  <source path="rtos/freertos/Source/include" target_path="freertos/Source/include" type="">
    <files mask="stdint.readme"/>
  </source>
  <source path="rtos/freertos/Source/include" target_path="freertos/Source/include" type="c_include">
    <files mask="FreeRTOS.h"/>
    <files mask="StackMacros.h"/>
    <files mask="croutine.h"/>
    <files mask="deprecated_definitions.h"/>
    <files mask="event_groups.h"/>
    <files mask="freertos_tasks_c_additions.h"/>
    <files mask="list.h"/>
    <files mask="mpu_wrappers.h"/>
    <files mask="portable.h"/>
    <files mask="projdefs.h"/>
    <files mask="queue.h"/>
    <files mask="semphr.h"/>
    <files mask="task.h"/>
    <files mask="timers.h"/>
  </source>
  <source path="rtos/freertos/Source/portable/GCC/ARM_CA9" target_path="freertos/Source/portable/GCC/ARM_CA9" type="c_include" compilers="gcc">
    <files mask="fsl_tickless_generic.h"/>
    <files mask="portmacro.h"/>
  </source>
  <source path="rtos/freertos/Source/portable/GCC/ARM_CA9" target_path="freertos/Source/portable/GCC/ARM_CA9" type="src" compilers="gcc">
    <files mask="port.c"/>
    <files mask="portASM.S"/>
  </source>
  <source path="rtos/freertos/Source/portable/GCC/ARM_CM0" target_path="freertos/Source/portable/GCC/ARM_CM0" type="c_include" compilers="gcc">
    <files mask="fsl_tickless_generic.h"/>
    <files mask="portmacro.h"/>
  </source>
  <source path="rtos/freertos/Source/portable/GCC/ARM_CM0" target_path="freertos/Source/portable/GCC/ARM_CM0" type="src" compilers="gcc">
    <files mask="fsl_tickless_systick.c"/>
    <files mask="port.c"/>
  </source>
  <source path="rtos/freertos/Source/portable/GCC/ARM_CM3" target_path="freertos/Source/portable/GCC/ARM_CM3" type="c_include" compilers="gcc">
    <files mask="fsl_tickless_generic.h"/>
    <files mask="portmacro.h"/>
  </source>
  <source path="rtos/freertos/Source/portable/GCC/ARM_CM3" target_path="freertos/Source/portable/GCC/ARM_CM3" type="src" compilers="gcc">
    <files mask="fsl_tickless_systick.c"/>
    <files mask="port.c"/>
  </source>
  <source path="rtos/freertos/Source/portable/GCC/ARM_CM4F" target_path="freertos/Source/portable/GCC/ARM_CM4F" type="c_include" compilers="gcc">
    <files mask="fsl_tickless_generic.h"/>
    <files mask="portmacro.h"/>
  </source>
  <source path="rtos/freertos/Source/portable/GCC/ARM_CM4F" target_path="freertos/Source/portable/GCC/ARM_CM4F" type="src" compilers="gcc">
    <files mask="fsl_tickless_systick.c"/>
    <files mask="port.c"/>
  </source>
  <source path="rtos/freertos/Source/portable/IAR/ARM_CA9" target_path="freertos/Source/portable/IAR/ARM_CA9" type="c_include" compilers="iar">
    <files mask="fsl_tickless_generic.h"/>
    <files mask="portASM.h"/>
    <files mask="portmacro.h"/>
  </source>
  <source path="rtos/freertos/Source/portable/IAR/ARM_CA9" target_path="freertos/Source/portable/IAR/ARM_CA9" type="src" compilers="iar">
    <files mask="port.c"/>
    <files mask="portASM.s"/>
  </source>
  <source path="rtos/freertos/Source/portable/IAR/ARM_CM0" target_path="freertos/Source/portable/IAR/ARM_CM0" type="c_include" compilers="iar">
    <files mask="fsl_tickless_generic.h"/>
    <files mask="portmacro.h"/>
  </source>
  <source path="rtos/freertos/Source/portable/IAR/ARM_CM0" target_path="freertos/Source/portable/IAR/ARM_CM0" type="src" compilers="iar">
    <files mask="fsl_tickless_systick.c"/>
    <files mask="port.c"/>
    <files mask="portasm.s"/>
  </source>
  <source path="rtos/freertos/Source/portable/IAR/ARM_CM3" target_path="freertos/Source/portable/IAR/ARM_CM3" type="c_include" compilers="iar">
    <files mask="fsl_tickless_generic.h"/>
    <files mask="portmacro.h"/>
  </source>
  <source path="rtos/freertos/Source/portable/IAR/ARM_CM3" target_path="freertos/Source/portable/IAR/ARM_CM3" type="src" compilers="iar">
    <files mask="fsl_tickless_systick.c"/>
    <files mask="port.c"/>
    <files mask="portasm.s"/>
  </source>
  <source path="rtos/freertos/Source/portable/IAR/ARM_CM4F" target_path="freertos/Source/portable/IAR/ARM_CM4F" type="c_include" compilers="iar">
    <files mask="fsl_tickless_generic.h"/>
    <files mask="portmacro.h"/>
  </source>
  <source path="rtos/freertos/Source/portable/IAR/ARM_CM4F" target_path="freertos/Source/portable/IAR/ARM_CM4F" type="src" compilers="iar">
    <files mask="fsl_tickless_systick.c"/>
    <files mask="port.c"/>
    <files mask="portasm.s"/>
  </source>
  <source path="rtos/freertos/Source/portable/MemMang" target_path="freertos/Source/portable/MemMang" type="src">
    <files mask="heap_1.c"/>
  </source>
  <source path="rtos/freertos/Source/portable/RVDS/ARM_CM0" target_path="freertos/Source/portable/RVDS/ARM_CM0" type="c_include" compilers="arm">
    <files mask="fsl_tickless_generic.h"/>
    <files mask="portmacro.h"/>
  </source>
  <source path="rtos/freertos/Source/portable/RVDS/ARM_CM0" target_path="freertos/Source/portable/RVDS/ARM_CM0" type="src" compilers="arm">
    <files mask="fsl_tickless_systick.c"/>
    <files mask="port.c"/>
  </source>
  <source path="rtos/freertos/Source/portable/RVDS/ARM_CM3" target_path="freertos/Source/portable/RVDS/ARM_CM3" type="c_include" compilers="arm">
    <files mask="fsl_tickless_generic.h"/>
    <files mask="portmacro.h"/>
  </source>
  <source path="rtos/freertos/Source/portable/RVDS/ARM_CM3" target_path="freertos/Source/portable/RVDS/ARM_CM3" type="src" compilers="arm">
    <files mask="fsl_tickless_systick.c"/>
    <files mask="port.c"/>
  </source>
  <source path="rtos/freertos/Source/portable/RVDS/ARM_CM4F" target_path="freertos/Source/portable/RVDS/ARM_CM4F" type="c_include" compilers="arm">
    <files mask="fsl_tickless_generic.h"/>
    <files mask="portmacro.h"/>
  </source>
  <source path="rtos/freertos/Source/portable/RVDS/ARM_CM4F" target_path="freertos/Source/portable/RVDS/ARM_CM4F" type="src" compilers="arm">
    <files mask="fsl_tickless_systick.c"/>
    <files mask="port.c"/>
  </source>
  <source path="rtos/freertos/Source/portable" target_path="doc" type="doc">
    <files mask="readme.txt"/>
  </source>
  <source path="rtos/freertos/Source" target_path="doc" type="doc">
    <files mask="readme.txt"/>
  </source>
  <source path="rtos/freertos/Source" target_path="freertos/Source" type="src">
    <files mask="croutine.c"/>
    <files mask="event_groups.c"/>
    <files mask="list.c"/>
    <files mask="queue.c"/>
    <files mask="tasks.c"/>
    <files mask="timers.c"/>
  </source>
  <source path="rtos/freertos" target_path="doc" type="doc">
    <files mask="FreeRTOS_for_Kinetis_SDK_v2.0.txt"/>
  </source>
  <include_paths>
    <include path="CMSIS/Driver/Include"/>
    <include path="devices"/>
    <include path="drivers"/>
    <include path="freertos/Source/include"/>
    <include path="freertos/Source/portable/GCC/ARM_CA9" compilers="gcc"/>
    <include path="freertos/Source/portable/GCC/ARM_CM0" compilers="gcc"/>
    <include path="freertos/Source/portable/GCC/ARM_CM3" compilers="gcc"/>
    <include path="freertos/Source/portable/GCC/ARM_CM4F" compilers="gcc"/>
    <include path="freertos/Source/portable/IAR/ARM_CA9" compilers="iar"/>
    <include path="freertos/Source/portable/IAR/ARM_CM0" compilers="iar"/>
    <include path="freertos/Source/portable/IAR/ARM_CM3" compilers="iar"/>
    <include path="freertos/Source/portable/IAR/ARM_CM4F" compilers="iar"/>
    <include path="freertos/Source/portable/RVDS/ARM_CM0" compilers="arm"/>
    <include path="freertos/Source/portable/RVDS/ARM_CM3" compilers="arm"/>
    <include path="freertos/Source/portable/RVDS/ARM_CM4F" compilers="arm"/>
    <include path="freertos/Source"/>
    <include path="issdk/"/>
    <include path="issdk/algorithms/sensorfusion/sources"/>
    <include path="issdk/drivers/gpio/kinetis"/>
    <include path="issdk/drivers/gpio"/>
    <include path="issdk/drivers/systick"/>
    <include path="issdk/sensors"/>
    <include path="sources"/>
    <include path="utilities"/>
  </include_paths>
</example>
