<?xml version="1.0" encoding="UTF-8"?>
<ksdk:examples xmlns:ksdk="http://nxp.com/ksdk/2.0/ksdk_manifest_v3.0.xsd" xmlns:xsi="http://www.w3.org/2001/XMLSchema-instance" xsi:schemaLocation="http://nxp.com/ksdk/2.0/ksdk_manifest_v3.0.xsd manifest.xsd">
  <externalDefinitions>
    <definition extID="com.nxp.mcuxpresso"/>
    <definition extID="platform.CMSIS_Driver_Include.Common_CMSISInclude.MK64F12"/>
    <definition extID="platform.CMSIS_Driver_Include.I2C_CMSISInclude.MK64F12"/>
    <definition extID="platform.devices.MK64F12_CMSIS.MK64F12"/>
    <definition extID="platform.devices.MK64F12_startup.MK64F12"/>
    <definition extID="platform.drivers.clock.MK64F12"/>
    <definition extID="platform.drivers.common.MK64F12"/>
    <definition extID="platform.drivers.dmamux.MK64F12"/>
    <definition extID="platform.drivers.edma.MK64F12"/>
    <definition extID="platform.drivers.flash.MK64F12"/>
    <definition extID="platform.drivers.gpio.MK64F12"/>
    <definition extID="platform.drivers.i2c.MK64F12"/>
    <definition extID="platform.drivers.i2c_cmsis.MK64F12"/>
    <definition extID="platform.drivers.i2c_edma.MK64F12"/>
    <definition extID="platform.drivers.port.MK64F12"/>
    <definition extID="platform.drivers.smc.MK64F12"/>
    <definition extID="platform.drivers.uart.MK64F12"/>
    <definition extID="platform.utilities.assert.MK64F12"/>
    <definition extID="platform.utilities.debug_console.MK64F12"/>
    <definition extID="iar"/>
    <definition extID="mdk"/>
    <definition extID="atl"/>
    <definition extID="mcuxpresso"/>
    <definition extID="armgcc"/>
  </externalDefinitions>
  <example id="frdmk64f_cmsis_i2c_read_accel_value_transfer" name="cmsis_i2c_read_accel_value_transfer" category="cmsis_driver_examples/i2c" dependency="platform.drivers.port.MK64F12 platform.drivers.common.MK64F12 platform.drivers.clock.MK64F12 platform.drivers.edma.MK64F12 platform.drivers.dmamux.MK64F12 platform.drivers.i2c.MK64F12 platform.drivers.i2c_edma.MK64F12 platform.drivers.i2c_cmsis.MK64F12 platform.CMSIS_Driver_Include.I2C_CMSISInclude.MK64F12 platform.CMSIS_Driver_Include.Common_CMSISInclude.MK64F12 platform.drivers.flash.MK64F12 platform.drivers.gpio.MK64F12 platform.utilities.debug_console.MK64F12 platform.drivers.uart.MK64F12 platform.drivers.smc.MK64F12 platform.devices.MK64F12_CMSIS.MK64F12 platform.devices.MK64F12_startup.MK64F12 platform.utilities.assert.MK64F12" toolchain="mdk iar armgcc mcuxpresso">
    <projects>
      <project type="com.crt.advproject.projecttype.exe" nature="org.eclipse.cdt.core.cnature"/>
    </projects>
    <toolchainSettings>
      <toolchainSetting id_refs="com.nxp.mcuxpresso">
        <option id="com.crt.advproject.gas.fpu" type="enum">
          <value>com.crt.advproject.gas.fpu.fpv4.hard</value>
        </option>
        <option id="com.crt.advproject.gcc.fpu" type="enum">
          <value>com.crt.advproject.gcc.fpu.fpv4.hard</value>
        </option>
        <option id="com.crt.advproject.c.misc.dialect" type="enum">
          <value>com.crt.advproject.misc.dialect.gnu99</value>
        </option>
        <option id="com.crt.advproject.gcc.exe.debug.option.debugging.level" type="enum">
          <value>gnu.c.debugging.level.default</value>
        </option>
        <option id="com.crt.advproject.gcc.exe.release.option.debugging.level" type="enum">
          <value>gnu.c.debugging.level.default</value>
        </option>
        <option id="gnu.c.compiler.option.preprocessor.def.symbols" type="stringList">
          <value>CPU_MK64FN1M0VLL12</value>
          <value>FRDM_K64F</value>
          <value>FREEDOM</value>
        </option>
        <option id="gnu.c.compiler.option.optimization.flags" type="string">
          <value>-fno-common</value>
        </option>
        <option id="gnu.c.compiler.option.misc.other" type="string">
          <value>-c  -ffunction-sections  -fdata-sections  -ffreestanding  -fno-builtin</value>
        </option>
        <option id="com.crt.advproject.link.fpu" type="enum">
          <value>com.crt.advproject.link.fpu.fpv4.hard</value>
        </option>
        <option id="gnu.c.link.option.nostdlibs" type="boolean">
          <value>true</value>
        </option>
      </toolchainSetting>
    </toolchainSettings>
    <source path="boards/frdmk64f/cmsis_driver_examples/i2c/read_accel_value_transfer" target_path="board/src" type="c_include">
      <files mask="board.h"/>
      <files mask="clock_config.h"/>
    </source>
    <source path="boards/frdmk64f/cmsis_driver_examples/i2c/read_accel_value_transfer" target_path="board/src" type="src">
      <files mask="board.c"/>
      <files mask="clock_config.c"/>
    </source>
    <source path="boards/frdmk64f/cmsis_driver_examples/i2c/read_accel_value_transfer" target_path="board" type="c_include">
      <files mask="RTE_Device.h"/>
      <files mask="pin_mux.h"/>
    </source>
    <source path="boards/frdmk64f/cmsis_driver_examples/i2c/read_accel_value_transfer" target_path="board" type="src">
      <files mask="pin_mux.c"/>
    </source>
    <source path="boards/frdmk64f/cmsis_driver_examples/i2c/read_accel_value_transfer" target_path="doc" type="doc" toolchain="iar mdk atl mcuxpresso">
      <files mask="readme.txt"/>
    </source>
    <source path="boards/frdmk64f/cmsis_driver_examples/i2c/read_accel_value_transfer" target_path="source" type="src">
      <files mask="cmsis_i2c_read_accel_value_transfer.c"/>
    </source>
  </example>
</ksdk:examples>
